Módulo;Título do módulo;Conteúdo;Título da aula;Tipo;Duração;Arquivo
1;Comece por Você;1;Tudo começa em você;Vídeo;1min;modulos/01-comece-por-voce/aula-01-tudo-comeca-em-voce.md
1;Comece por Você;2;Seus valores fundamentais;Vídeo;1min;modulos/01-comece-por-voce/aula-02-seus-valores-fundamentais.md
1;Comece por Você;3;Ele é bom para mim?;Vídeo;1min 05s;modulos/01-comece-por-voce/aula-03-ele-e-bom-para-mim.md
1;Comece por Você;4;Texto do módulo;Texto + PDF;—;modulos/01-comece-por-voce/aula-04-texto-do-modulo.md
2;A Arte da Conquista;1;Seja você mesma (de verdade);Vídeo;1min;modulos/02-a-arte-da-conquista/aula-01-seja-voce-mesma-de-verdade.md
2;A Arte da Conquista;2;Elogio na medida e conversa de mão dupla;Vídeo;1min;modulos/02-a-arte-da-conquista/aula-02-elogio-na-medida-e-conversa-de-mao-dupla.md
2;A Arte da Conquista;3;Do online ao primeiro encontro;Vídeo;1min;modulos/02-a-arte-da-conquista/aula-03-do-online-ao-primeiro-encontro.md
2;A Arte da Conquista;4;Texto do módulo;Texto + PDF;—;modulos/02-a-arte-da-conquista/aula-04-texto-do-modulo.md
3;Conversas que Aproximam;1;Assunto que não acaba;Vídeo;1min;modulos/03-conversas-que-aproximam/aula-01-assunto-que-nao-acaba.md
3;Conversas que Aproximam;2;Ouvir para entender, não para vencer;Vídeo;1min;modulos/03-conversas-que-aproximam/aula-02-ouvir-para-entender-nao-para-vencer.md
3;Conversas que Aproximam;3;Falar de sentimentos sem parecer chata;Vídeo;1min;modulos/03-conversas-que-aproximam/aula-03-falar-de-sentimentos-sem-parecer-chata.md
3;Conversas que Aproximam;4;Texto do módulo;Texto + PDF;—;modulos/03-conversas-que-aproximam/aula-04-texto-do-modulo.md
4;Romance e Surpresas;1;Presentes que nenhuma loja vende;Vídeo;1min;modulos/04-romance-e-surpresas/aula-01-presentes-que-nenhuma-loja-vende.md
4;Romance e Surpresas;2;Surpresas que ele não espera;Vídeo;1min;modulos/04-romance-e-surpresas/aula-02-surpresas-que-ele-nao-espera.md
4;Romance e Surpresas;3;Pequenos gestos, todo dia;Vídeo;1min;modulos/04-romance-e-surpresas/aula-03-pequenos-gestos-todo-dia.md
4;Romance e Surpresas;4;Texto do módulo;Texto + PDF;—;modulos/04-romance-e-surpresas/aula-04-texto-do-modulo.md
5;Confiança sem Paranoia;1;Por que fugir dos testes de fidelidade;Vídeo;1min;modulos/05-confianca-sem-paranoia/aula-01-por-que-fugir-dos-testes-de-fidelidade.md
5;Confiança sem Paranoia;2;Fatos, palpites e boatos;Vídeo;1min;modulos/05-confianca-sem-paranoia/aula-02-fatos-palpites-e-boatos.md
5;Confiança sem Paranoia;3;Se a traição aconteceu;Vídeo;1min 05s;modulos/05-confianca-sem-paranoia/aula-03-se-a-traicao-aconteceu.md
5;Confiança sem Paranoia;4;Texto do módulo;Texto + PDF;—;modulos/05-confianca-sem-paranoia/aula-04-texto-do-modulo.md
6;Quando a Relação Balança;1;Crise não é fim: encontre o problema real;Vídeo;1min;modulos/06-quando-a-relacao-balanca/aula-01-crise-nao-e-fim-encontre-o-problema-real.md
6;Quando a Relação Balança;2;Faça a sua parte, sem carregar tudo sozinha;Vídeo;1min 05s;modulos/06-quando-a-relacao-balanca/aula-02-faca-a-sua-parte-sem-carregar-tudo-sozinha.md
6;Quando a Relação Balança;3;O pedido de desculpas que funciona;Vídeo;1min;modulos/06-quando-a-relacao-balanca/aula-03-o-pedido-de-desculpas-que-funciona.md
6;Quando a Relação Balança;4;Texto do módulo;Texto + PDF;—;modulos/06-quando-a-relacao-balanca/aula-04-texto-do-modulo.md
7;Depois do Término;1;Sinta a dor, sem se afundar;Vídeo;1min;modulos/07-depois-do-termino/aula-01-sinta-a-dor-sem-se-afundar.md
7;Depois do Término;2;Antes de reconquistar: vale a pena voltar?;Vídeo;1min 05s;modulos/07-depois-do-termino/aula-02-antes-de-reconquistar-vale-a-pena-voltar.md
7;Depois do Término;3;A reaproximação leve;Vídeo;1min 05s;modulos/07-depois-do-termino/aula-03-a-reaproximacao-leve.md
7;Depois do Término;4;Texto do módulo;Texto + PDF;—;modulos/07-depois-do-termino/aula-04-texto-do-modulo.md
8;Amor que Dura;1;As 4 fases do relacionamento;Vídeo;1min 05s;modulos/08-amor-que-dura/aula-01-as-4-fases-do-relacionamento.md
8;Amor que Dura;2;Parceira, não capacho;Vídeo;1min;modulos/08-amor-que-dura/aula-02-parceira-nao-capacho.md
8;Amor que Dura;3;Espaço, interesse e diversão;Vídeo;1min;modulos/08-amor-que-dura/aula-03-espaco-interesse-e-diversao.md
8;Amor que Dura;4;Texto do módulo;Texto + PDF;—;modulos/08-amor-que-dura/aula-04-texto-do-modulo.md
